{
  "steps": [
    50,
    100,
    150,
    200,
    250,
    300,
    350,
    400,
    450,
    500,
    550,
    600,
    650,
    700,
    750,
    800,
    850,
    900,
    950,
    1000,
    1050,
    1100,
    1150,
    1200,
    1250,
    1300,
    1350,
    1400,
    1450,
    1500,
    1550,
    1600,
    1650,
    1700,
    1750,
    1800,
    1850,
    1900,
    1950,
    2000,
    2050,
    2100,
    2150,
    2200,
    2250,
    2300,
    2350,
    2400,
    2450,
    2500
  ],
  "cos_e_bk": [
    -0.75506591796875,
    -0.6259765625,
    -0.7001953125,
    -0.552978515625,
    -0.52880859375,
    -0.491455078125,
    -0.43756103515625,
    -0.48876953125,
    -0.48321533203125,
    -0.45458984375,
    -0.623046875,
    -0.59765625,
    -0.428955078125,
    -0.61962890625,
    -0.5517578125,
    -0.451171875,
    -0.44287109375,
    -0.3948974609375,
    -0.534912109375,
    -0.56494140625,
    -0.4990234375,
    -0.471435546875,
    -0.37451171875,
    -0.476318359375,
    -0.5517578125,
    -0.526123046875,
    -0.55908203125,
    -0.50048828125,
    -0.47705078125,
    -0.4833984375,
    -0.4658203125,
    -0.491455078125,
    -0.528076171875,
    -0.458251953125,
    -0.476806640625,
    -0.4296875,
    -0.5625,
    -0.515380859375,
    -0.544189453125,
    -0.487060546875,
    -0.42578125,
    -0.5003662109375,
    -0.475830078125,
    -0.59326171875,
    -0.484375,
    -0.552001953125,
    -0.5078125,
    -0.468505859375,
    -0.4912109375,
    -0.468017578125
  ],
  "cos_e_c": [
    0.02719879150390625,
    -0.015842437744140625,
    -0.0037078857421875,
    0.002814948558807373,
    -0.0606689453125,
    0.0037078857421875,
    0.0033578872680664062,
    0.03275299072265625,
    -0.01453399658203125,
    0.00609588623046875,
    0.018648147583007812,
    -0.01226043701171875,
    -0.0009946823120117188,
    0.0050220489501953125,
    0.01548004150390625,
    -0.0107879638671875,
    -0.0078887939453125,
    -0.027080535888671875,
    0.007854461669921875,
    0.00165557861328125,
    0.013544484972953796,
    -0.009246826171875,
    -0.014652252197265625,
    -0.0174560546875,
    0.008343935012817383,
    0.009700775146484375,
    -0.017200469970703125,
    0.01025247573852539,
    -0.0063343048095703125,
    -0.006443023681640625,
    0.0039825439453125,
    -0.040248870849609375,
    0.002003192901611328,
    -0.028243064880371094,
    0.00876617431640625,
    -0.001575469970703125,
    0.0014231204986572266,
    0.01605224609375,
    0.00975799560546875,
    -0.01807403564453125,
    -0.0015087127685546875,
    -0.005214691162109375,
    -0.0272216796875,
    -0.007648468017578125,
    -0.008625030517578125,
    -0.01249229907989502,
    -0.013362884521484375,
    0.01978302001953125,
    -0.001495361328125,
    -0.019012451171875
  ],
  "loss_total": [
    2.005186080932617,
    1.6327998638153076,
    2.0414247512817383,
    1.9401100873947144,
    1.8833757638931274,
    1.4868849515914917,
    2.0897045135498047,
    1.7332227230072021,
    1.7820844650268555,
    1.34462308883667,
    1.8496289253234863,
    1.5256928205490112,
    1.6093177795410156,
    1.3563802242279053,
    1.88922119140625,
    1.6582001447677612,
    1.5343003273010254,
    1.0536961555480957,
    1.2052381038665771,
    1.3644407987594604,
    0.7405620217323303,
    0.9693436026573181,
    1.189889669418335,
    1.0276694297790527,
    1.0255182981491089,
    0.9058442115783691,
    0.9804084897041321,
    1.0108509063720703,
    0.8970397114753723,
    0.9865155816078186,
    0.8880236148834229,
    0.7797876000404358,
    1.0116157531738281,
    0.9345725178718567,
    0.4402258098125458,
    0.4265853464603424,
    0.7006590962409973,
    0.5422563552856445,
    0.7002708911895752,
    0.4571739733219147,
    0.4389835000038147,
    0.5934211611747742,
    0.3950640559196472,
    0.5184642672538757,
    0.3861461579799652,
    0.37340277433395386,
    0.41890111565589905,
    0.4440349340438843,
    0.43182823061943054,
    0.47109806537628174
  ],
  "loss_e": [
    14.856496691703796,
    17.621007204055786,
    14.390248537063599,
    14.671312093734741,
    16.47823202610016,
    15.47167420387268,
    15.854959726333618,
    15.571858286857605,
    15.058275580406189,
    16.231606602668762,
    18.257094144821167,
    13.946773767471313,
    15.014163613319397,
    18.077667713165283,
    16.412386178970337,
    15.96435546875,
    14.74173355102539,
    15.718280792236328,
    17.286303520202637,
    16.89345645904541,
    16.852311849594116,
    16.842263221740723,
    16.030373215675354,
    15.828983545303345,
    16.778834581375122,
    16.97484540939331,
    17.284125566482544,
    16.03328776359558,
    16.43471360206604,
    17.86121439933777,
    16.441052317619324,
    17.833571672439575,
    16.611925840377808,
    16.017178058624268,
    18.582858085632324,
    18.906832218170166,
    18.934535026550293,
    18.592487573623657,
    19.51634979248047,
    18.773040056228638,
    18.284042596817017,
    18.40734052658081,
    18.537933588027954,
    19.773717641830444,
    17.966801643371582,
    17.42207646369934,
    20.149904012680054,
    19.280094146728516,
    19.141348361968994,
    18.64932084083557
  ],
  "loss_bk": [
    0.01774677520734258,
    0.00045698066969634965,
    0.0006016450570314191,
    0.00024201609812735114,
    0.0001336151508439798,
    0.00012434274049155647,
    0.00014919023669790477,
    6.933825352462009e-05,
    0.02679828446071042,
    5.293564072417212e-05,
    5.096312770547229e-05,
    8.328802869073115e-05,
    4.8021307520684786e-05,
    3.64553861800232e-05,
    3.838439079117961e-05,
    3.662900371637079e-05,
    3.9314432797254995e-05,
    9.981855964724673e-05,
    2.5176528879455873e-05,
    2.6123560246560373e-05,
    2.2128907858132152e-05,
    2.13382354559144e-05,
    3.9208463931572624e-05,
    2.16069911402883e-05,
    2.0770254195667803e-05,
    2.2236984932533232e-05,
    2.173352299905673e-05,
    3.386855109965836e-05,
    2.2741173324902775e-05,
    1.808655792956415e-05,
    2.1126779301994247e-05,
    1.86749578006129e-05,
    2.4155863002306432e-05,
    2.063680608443974e-05,
    3.47320733453671e-05,
    2.216994403170247e-05,
    1.5738143133603444e-05,
    2.2124056158645544e-05,
    1.508675916284119e-05,
    2.213505285908468e-05,
    1.6695750446160673e-05,
    3.380046132406278e-05,
    1.8719619220064487e-05,
    1.9810025833066902e-05,
    2.0061888562850072e-05,
    2.2340922214425518e-05,
    1.3845026273884287e-05,
    1.36962656824835e-05,
    1.5413845517286973e-05,
    1.7087147512029333e-05
  ],
  "loss_c": [
    1.9874391555786133,
    1.632342852652073,
    2.0408228933811188,
    1.9398682117462158,
    1.8832421153783798,
    1.486760474741459,
    2.0895554423332214,
    1.7331533432006836,
    1.7552862539887428,
    1.3445701710879803,
    1.849577933549881,
    1.5256096422672272,
    1.6092698872089386,
    1.3563438057899475,
    1.8891828134655952,
    1.6581635028123856,
    1.5342611223459244,
    1.0535964481532574,
    1.2052128836512566,
    1.364414542913437,
    0.740539813414216,
    0.9693222604691982,
    1.1898504570126534,
    1.0276477169245481,
    1.0254974961280823,
    0.9058219715952873,
    0.9803867191076279,
    1.0108170919120312,
    0.8970169974491,
    0.986497463658452,
    0.888002522289753,
    0.7797688990831375,
    1.0115915462374687,
    0.9345518872141838,
    0.4401910617016256,
    0.42656316608190536,
    0.7006433084607124,
    0.5422341786324978,
    0.700255811214447,
    0.45715184789150953,
    0.43896680884063244,
    0.5933873131871223,
    0.39504532678984106,
    0.5184444542974234,
    0.38612608052790165,
    0.373380433768034,
    0.41888726595789194,
    0.44402122125029564,
    0.43181278742849827,
    0.47108097933232784
  ],
  "config": {
    "model_name_or_path": "meta-llama/Llama-3.2-1B",
    "dataset_config": "p0.1_n10",
    "output_dir": "outputs/gradient_cosine",